Electrode_Distance,Statistic,p-value
Long,72.95879020222867,2.279413314671565e-75
Short,63.81807608475259,7.77186204737633e-66
