Electrode_Distance,Group1,Group2,Statistic,p-value
Long,KO_NON-REM,WT_NON-REM,1904804.0,5.596830382133056e-25
Long,KO_REM,WT_REM,1732166.0,2.5833347890098906e-06
Long,KO_WAKE,WT_WAKE,1833422.0,1.2635581676107441e-15
Short,KO_NON-REM,WT_NON-REM,2128915.0,1.771578373441174e-69
Short,KO_REM,WT_REM,1711873.0,5.328116753313079e-05
Short,KO_WAKE,WT_WAKE,1899780.0,3.0352911749986586e-24
